INSERT INTO movie (id, name, description, release_year, age_recommendation, rating, director) VALUES (1, 'Hellraiser', 'Elevated by writer-director Clive Barker''s fiendishly unique vision, Hellraiser offers a disquieting - and sadistically smart - alternative to mindless gore.', 1987, 16, 1, 'Clive Barker');
INSERT INTO movie (id, name, description, release_year, age_recommendation, rating, director) VALUES (2, 'It''s Alive!', 'Tough and unpleasant, It''s Alive throttles the viewer with its bizarre mutant baby theatrics.', 1974, 16, 0, 'Larry Cohen');
INSERT INTO movie (id, name, description, release_year, age_recommendation, rating, director) VALUES (3, 'Gandhi', 'The life of the lawyer who became the famed leader of the Indian revolts against the British rule through his philosophy of nonviolent protest.', 1982, 12, 2, 'Richard Attenborough');
INSERT INTO movie (id, name, description, release_year, age_recommendation, rating, director) VALUES (4, 'The Help', 'An aspiring author during the civil rights movement of the 1960s decides to write a book detailing the African American maids'' point of view on the white families for which they work, and the hardships they go through on a daily basis.', 2011, 12, 3, 'Tate Taylor');
INSERT INTO movie (id, name, description, release_year, age_recommendation, rating, director) VALUES (5, 'The Iron Giant', 'A young boy befriends a giant robot from outer space that a paranoid government agent wants to destroy.', 1999, 7, 4, 'Brad Bird');
INSERT INTO movie (id, name, description, release_year, age_recommendation, rating, director) VALUES (6, 'Dersu Uzala', 'The Russian army sends an explorer on an expedition to the snowy Siberian wilderness where he makes friends with a seasoned local hunter.', 1975, 14, 5, 'Akira Kurosawa');

INSERT INTO genre (id, name) VALUES (1, 'Horror');
INSERT INTO genre (id, name) VALUES (2, 'Biography');
INSERT INTO genre (id, name) VALUES (3, 'Drama');
INSERT INTO genre (id, name) VALUES (4, 'History');
INSERT INTO genre (id, name) VALUES (5, 'Animation');
INSERT INTO genre (id, name) VALUES (6, 'Adventure');

INSERT INTO actor (id, name) VALUES (1, 'Andrew Robinson');
INSERT INTO actor (id, name) VALUES (2, 'Clare Higgins');
INSERT INTO actor (id, name) VALUES (3, 'Ashley Laurence');
INSERT INTO actor (id, name) VALUES (4, 'John P. Ryan');
INSERT INTO actor (id, name) VALUES (5, 'Sharon Farrell');
INSERT INTO actor (id, name) VALUES (6, 'Andrew Duggan');
INSERT INTO actor (id, name) VALUES (7, 'Ben Kingsley');
INSERT INTO actor (id, name) VALUES (8, 'John Gielgud');
INSERT INTO actor (id, name) VALUES (9, 'Rohini Hattangadi');
INSERT INTO actor (id, name) VALUES (10, 'Viola Davis');
INSERT INTO actor (id, name) VALUES (11, 'Emma Stone');
INSERT INTO actor (id, name) VALUES (12, 'Octavia Spencer');
INSERT INTO actor (id, name) VALUES (13, 'Eli Marienthal');
INSERT INTO actor (id, name) VALUES (14, 'Harry Connick Jr.');
INSERT INTO actor (id, name) VALUES (15, 'Jennifer Aniston');
INSERT INTO actor (id, name) VALUES (16, 'Maksim Munzuk');
INSERT INTO actor (id, name) VALUES (17, 'Yuriy Solomin');

INSERT INTO movie_genres (movie_id, genres_id) VALUES (1, 1);
INSERT INTO movie_genres (movie_id, genres_id) VALUES (2, 1);
INSERT INTO movie_genres (movie_id, genres_id) VALUES (3, 2);
INSERT INTO movie_genres (movie_id, genres_id) VALUES (3, 3);
INSERT INTO movie_genres (movie_id, genres_id) VALUES (3, 4);
INSERT INTO movie_genres (movie_id, genres_id) VALUES (4, 3);
INSERT INTO movie_genres (movie_id, genres_id) VALUES (5, 5);
INSERT INTO movie_genres (movie_id, genres_id) VALUES (5, 6);
INSERT INTO movie_genres (movie_id, genres_id) VALUES (5, 3);
INSERT INTO movie_genres (movie_id, genres_id) VALUES (6, 6);
INSERT INTO movie_genres (movie_id, genres_id) VALUES (6, 2);
INSERT INTO movie_genres (movie_id, genres_id) VALUES (6, 3);

INSERT INTO movie_actors (movie_id, actors_id) VALUES (1, 1);
INSERT INTO movie_actors (movie_id, actors_id) VALUES (1, 2);
INSERT INTO movie_actors (movie_id, actors_id) VALUES (1, 3);
INSERT INTO movie_actors (movie_id, actors_id) VALUES (2, 4);
INSERT INTO movie_actors (movie_id, actors_id) VALUES (2, 5);
INSERT INTO movie_actors (movie_id, actors_id) VALUES (2, 6);
INSERT INTO movie_actors (movie_id, actors_id) VALUES (3, 7);
INSERT INTO movie_actors (movie_id, actors_id) VALUES (3, 8);
INSERT INTO movie_actors (movie_id, actors_id) VALUES (3, 9);
INSERT INTO movie_actors (movie_id, actors_id) VALUES (4, 10);
INSERT INTO movie_actors (movie_id, actors_id) VALUES (4, 11);
INSERT INTO movie_actors (movie_id, actors_id) VALUES (4, 12);
INSERT INTO movie_actors (movie_id, actors_id) VALUES (5, 13);
INSERT INTO movie_actors (movie_id, actors_id) VALUES (5, 14);
INSERT INTO movie_actors (movie_id, actors_id) VALUES (5, 15);
INSERT INTO movie_actors (movie_id, actors_id) VALUES (6, 16);
INSERT INTO movie_actors (movie_id, actors_id) VALUES (6, 17);
